Workbook

Sheet لوحة
A1: لوحة التحرير: حملة إدراك الهندسية – التكييف على فيسبوك (باللهجة السودانية)
A3: عدد النصوص | B3: =COUNTA(النصوص!$A$3:$A$20) -> 18
A4: متوسط درجة البشرية قبل | B4: =AVERAGE(النصوص!$M$3:$M$20) -> 85.722222
A5: متوسط درجة البشرية بعد | B5: =AVERAGE(النصوص!$N$3:$N$20) -> 85.944444
A6: متوسط التحسن | B6: =AVERAGE(النصوص!$O$3:$O$20) -> 0.22222222
A7: إجمالي الكليشيهات قبل | B7: =SUM(النصوص!$K$3:$K$20) -> 0
A8: إجمالي الكليشيهات بعد | B8: =SUM(النصوص!$L$3:$L$20) -> 0
A9: متوسط طول الجملة قبل | B9: =AVERAGE(النصوص!$I$3:$I$20) -> 7.2222222
A10: متوسط طول الجملة بعد | B10: =AVERAGE(النصوص!$J$3:$J$20) -> 7
A11: نصوص بالعربية | B11: =COUNTIF(النصوص!$C$3:$C$20,"العربية") -> 18
A12: نصوص بالإنجليزية | B12: =COUNTIF(النصوص!$C$3:$C$20,"English") -> 0
A14: توزيع الأنماط
A15: النمط | B15: عدد النصوص | C15: متوسط درجة البشرية بعد
A16: رسمي مباشر | B16: =COUNTIF(النصوص!$F$3:$F$20,A16) -> 1 | C16: =IFERROR(AVERAGEIF(النصوص!$F$3:$F$20,A16,النصوص!$N$3:$N$20),"") -> 85
A17: ودي دافئ | B17: =COUNTIF(النصوص!$F$3:$F$20,A17) -> 12 | C17: =IFERROR(AVERAGEIF(النصوص!$F$3:$F$20,A17,النصوص!$N$3:$N$20),"") -> 82.833333
A18: تسويقي مقنع | B18: =COUNTIF(النصوص!$F$3:$F$20,A18) -> 5 | C18: =IFERROR(AVERAGEIF(النصوص!$F$3:$F$20,A18,النصوص!$N$3:$N$20),"") -> 93.6
A19: مرح تفاعلي | B19: =COUNTIF(النصوص!$F$3:$F$20,A19) -> 0 | C19: =IFERROR(AVERAGEIF(النصوص!$F$3:$F$20,A19,النصوص!$N$3:$N$20),"")
A20: تثقيفي قصصي | B20: =COUNTIF(النصوص!$F$3:$F$20,A20) -> 0 | C20: =IFERROR(AVERAGEIF(النصوص!$F$3:$F$20,A20,النصوص!$N$3:$N$20),"")

Sheet النصوص
A1: النصوص وقياساتها قبل وبعد التعديل
A2: المعرف | B2: العنوان | C2: اللغة | D2: اللهجة | E2: المنصة | F2: النمط | G2: كلمات قبل | H2: كلمات بعد | I2: متوسط الجملة قبل | J2: متوسط الجملة بعد | K2: كليشيهات قبل | L2: كليشيهات بعد | M2: درجة البشرية قبل | N2: درجة البشرية بعد | O2: التحسن | P2: تغيّر الكليشيهات | Q2: النص الأصلي | R2: النص المعدّل
A3: P01 | B3: P01 — 2026-11-01 — منشور صورة | C3: العربية | D3: سودانية | E3: فيسبوك | F3: ودي دافئ | G3: 50 | H3: 52 | I3: 8.3 | J3: 8.7 | K3: 0 | L3: 0 | M3: 85 | N3: 85 | O3: =N3-M3 -> 0 | P3: =L3-K3 -> 0 | Q3: يا جماعة، المكيف ما بيبرد بس بالجهاز... التركيب الصح هو الفرق! في إدراك الهندسية نؤمن إن جودة التبريد تبدأ من التوريد والتركيب السليم، وتستمر بالصيانة الدورية. نقدم توريد وتركيب وصيانة أجهزة التكييف والتبريد بمختلف أنواعها، مع فنيين ذوي خبرة وإشراف هندسي متخصص. الحقيقة تفوق التوقعات. كلمونا الآن: 0120066904 أو 0120066903 | R3: يا جماعة، المكيف ما بيبرد بس بالجهاز... التركيب الصح هو الفرق! والله الكلام ده بنقوله من خبرة: البرودة الحلوة بتبدأ من التوريد والتركيب الصح، وبعدين الصيانة الدورية بتحافظ عليها. إدراك الهندسية بتوفر وبتركب وبتصون كل أنواع المكيفات والتبريد، بفنيين عارفين شغلهم وتحت إشراف مهندسين. الحقيقة تفوق التوقعات. كلمونا هسه: 0120066904 أو 0120066903
A4: P02 | B4: P02 — 2026-11-02 — منشور نصي مع صورة | C4: العربية | D4: سودانية | E4: فيسبوك | F4: ودي دافئ | G4: 43 | H4: 44 | I4: 4.8 | J4: 5.5 | K4: 0 | L4: 0 | M4: 85 | N4: 85 | O4: =N4-M4 -> 0 | P4: =L4-K4 -> 0 | Q4: شنو أكبر مشكلة عندك في المكيف هسه؟ 🤔 ضعف برودة؟ صوت عالي؟ ريحة غير طبيعية؟ ولا ماية بتقطر من الوحدة الداخلية؟ اكتب المشكلة في التعليقات، وبنرد عليك بنصيحة أولية. وإذا الحالة محتاجة معاينة، فريقنا جاهز يحدد السبب بدقة. اكتب في التعليقات أو اتصل: 0120066904 | R4: شنو أكبر مشكلة عندك في المكيف هسه؟ 🤔 ضعف برودة ولا صوت عالي؟ ريحة غريبة ولا مية بتقطر من الوحدة الداخلية؟ اكتب المشكلة في الكومنتات. نرد عليك بنصيحة أولية. ولو الحالة محتاجة معاينة، الفريق بتاعنا جاهز يعرف السبب بدقة. اكتب في الكومنتات ولا اتصل: 0120066904
A5: P03 | B5: P03 — 2026-11-03 — منشور صورة منتج | C5: العربية | D5: سودانية | E5: فيسبوك | F5: تسويقي مقنع | G5: 46 | H5: 43 | I5: 9.2 | J5: 7.2 | K5: 0 | L5: 0 | M5: 85 | N5: 85 | O5: =N5-M5 -> 0 | P5: =L5-K5 -> 0 | Q5: من البيت الصغير لحد المحل التجاري... عندنا مكيفات O General. نوفر مكيفات براند O General بأحجام وأنواع مختلفة، ونتولى توريدها وتركيبها وصيانتها. نحدد الموديل المناسب لمساحة مكانك بعد المعاينة، لأن الاختيار الصح يحافظ على البرودة ويساعد على استهلاك كهرباء أفضل. اطلب معاينة لمكانك: 0120066904 أو 0120066903 | R5: من الأوضة الصغيرة لحد المحل التجاري... عندنا مكيفات O General. نوفر ليك مكيفات O General بمقاسات وأنواع مختلفة. نتولى توريدها وتركيبها وصيانتها. الموديل المناسب بنحدده بعد المعاينة لمساحة مكانك، عشان البرودة تكون كويسة وما تستهلك كهرباء زيادة. اطلب معاينة لمكانك: 0120066904 أو 0120066903
A6: P04 | B6: P04 — 2026-11-04 — منشور إنفوجرافيك | C6: العربية | D6: سودانية | E6: فيسبوك | F6: ودي دافئ | G6: 54 | H6: 55 | I6: 7.7 | J6: 7.9 | K6: 0 | L6: 0 | M6: 85 | N6: 70 | O6: =N6-M6 -> -15 | P6: =L6-K6 -> 0 | Q6: قبل ما تشتري المكيف، اسأل: المساحة كم؟ والعزل كويس ولا لأ؟ حجم المكيف المناسب ما بيتحدد بالعين. بيعتمد على مساحة الغرفة، عدد النوافذ، اتجاه الشمس، والأجهزة الكهربائية الموجودة فيها. الاختيار الغلط يخلي الجهاز يشتغل أكتر من اللازم ويستهلك كهرباء زيادة، والاختيار الصح يريح المكان. نقدم معاينة لتحديد الحجم المناسب. اسأل قبل ما تشتري: 0120066904 | R6: قبل ما تشتري المكيف، اسأل: المساحة كم، والحيطان عازلة ولا لأ؟ حجم المكيف ما بنحدده بالعين. بيعتمد على مساحة الأوضة، عدد الشبابيك، اتجاه الشمس، والأجهزة الكهربائية الموجودة فيها. لو اخترت حجم غلط، المكيف بشتغل زيادة عن اللازم. وبيستهلك كهرباء كتير بلا فايدة. نحن بنعمل معاينة عشان نحدد ليك الحجم المناسب. اسأل قبل ما تشتري: 0120066904
A7: P05 | B7: P05 — 2026-11-05 — صورة فريق | C7: العربية | D7: سودانية | E7: فيسبوك | F7: ودي دافئ | G7: 36 | H7: 40 | I7: 6 | J7: 5 | K7: 0 | L7: 0 | M7: 100 | N7: 100 | O7: =N7-M7 -> 0 | P7: =L7-K7 -> 0 | Q7: فنيينا ما بيشتغلوا بالتخمين... بيشتغلوا بالخبرة. كوادرنا الفنية عندها خبرات طويلة في تركيب وصيانة أجهزة التكييف والتبريد بمختلف أنواعها، ويدعمها إشراف مهندسين متخصصين. نبدأ بمعاينة الموقع، ثم ننفذ بترتيب ودقة. الحقيقة تفوق التوقعات. تابعونا وكلمونا: 0120066904 | R7: فنيينا ما بيشتغلوا بالتخمين... بيشتغلوا بالخبرة. الإخوان الفنيين عندنا عندهم خبرة طويلة. بيركبوا ويصونوا المكيفات وأجهزة التبريد بكل أنواعها، ومعاهم مهندسين متخصصين بيشرفوا على الشغل. قبل أي تنفيذ بنعاين المكان. بعدين نشتغل بترتيب ودقة. الحقيقة تفوق التوقعات. تابعونا وكلمونا: 0120066904
A8: P06 | B8: P06 — 2026-11-06 — منشور صورة منتج | C8: العربية | D8: سودانية | E8: فيسبوك | F8: تسويقي مقنع | G8: 38 | H8: 36 | I8: 7.6 | J8: 7.2 | K8: 0 | L8: 0 | M8: 100 | N8: 100 | O8: =N8-M8 -> 0 | P8: =L8-K8 -> 0 | Q8: الحر ما بيستنى... ومكيفات Midea عندنا بالتركيب والصيانة. نوفر مكيفات براند Midea بأنواعها المختلفة، ونتولى تركيبها وصيانتها بفنيين مؤهلين. اختيار الموديل الأنسب يبدأ بمعرفة مساحة مكانك وطبيعة استخدامه، وهذا ما نساعدك فيه خلال المعاينة. كلمونا لمعاينة مكانك: 0120066903 | R8: الحر ما بيستنى... ومكيفات Midea عندنا، والتركيب والصيانة معانا. نوفر مكيفات Midea بأنواع مختلفة، ونركبها ونصونها بفنيين مؤهلين. الموديل المناسب ليك بيعتمد على مساحة مكانك واستخدامه، ودا الشي البنساعدك فيه في المعاينة. كلمونا لمعاينة مكانك: 0120066903
A9: P07 | B9: P07 — 2026-11-07 — منشور نصي مع صورة | C9: العربية | D9: سودانية | E9: فيسبوك | F9: ودي دافئ | G9: 46 | H9: 46 | I9: 9.2 | J9: 7.7 | K9: 0 | L9: 0 | M9: 82 | N9: 73 | O9: =N9-M9 -> -9 | P9: =L9-K9 -> 0 | Q9: الكويلات المتسخة بتسرق برودة مكيفك وانت ما شايف! تراكم الأتربة على الفلاتر والكويلات يقلل كفاءة التبريد، ويرفع استهلاك الكهرباء، ويضغط على مكونات الجهاز. التنظيف الدوري بالمواد المناسبة، مع التطهير والمراجعة، يحافظ على الأداء ويطيل عمر المكيف. نقدم خدمة تنظيف ومراجعة وتطهير وتعطير للمكيفات. احجز صيانتك: 0120066904 | R9: الكويلات المتسخة بتسرق برودة مكيفك وانت ما شايف! التراب المتراكم على الفلاتر والكويلات بقلل البرودة. وبزود استهلاك الكهرباء، وبضغط على أجزاء الجهاز. التنظيف الدوري بالمواد المناسبة مع التطهير والمراجعة بحافظ على الأداء وبطول عمر المكيف. نحن بنقدم خدمة التنظيف والمراجعة والتطهير والتعطير للمكيفات. احجز صيانتك: 0120066904
A10: P08 | B10: P08 — 2026-11-08 — سؤال تفاعلي | C10: العربية | D10: سودانية | E10: فيسبوك | F10: ودي دافئ | G10: 41 | H10: 44 | I10: 5.1 | J10: 7.3 | K10: 0 | L10: 0 | M10: 85 | N10: 85 | O10: =N10-M10 -> 0 | P10: =L10-K10 -> 0 | Q10: وين بتحب تركب المكيف في بيتك؟ 🏠 صالة؟ غرفة نوم؟ ولا محل تجاري؟ قول لنا المكان والمساحة تقريباً، وشاركنا أكبر تحدي عندك في التبريد. اختيار مكان التركيب يفرق كتير في البرودة وفي سهولة الصيانة بعدين. اكتب ردك في التعليقات أو اتصل: 0120066904 | R10: وين بتحب تركب المكيف في بيتك؟ 🏠 في الصالة ولا في أوضة النوم ولا في المحل؟ قول لينا المكان والمساحة بالتقريب، وقول لينا أكبر مشكلة عندك في البرودة. مكان التركيب بفرق كتير في البرودة وفي سهولة الصيانة بعدين. اكتب ردك في الكومنتات ولا اتصل: 0120066904
A11: P09 | B11: P09 — 2026-11-09 — منشور صورة منتج | C11: العربية | D11: سودانية | E11: فيسبوك | F11: تسويقي مقنع | G11: 38 | H11: 36 | I11: 7.6 | J11: 7.2 | K11: 0 | L11: 0 | M11: 100 | N11: 100 | O11: =N11-M11 -> 0 | P11: =L11-K11 -> 0 | Q11: Samsung بتقنية حديثة... والتركيب الصح يكمل الصورة. نوفر مكيفات Samsung بخيارات متعددة تناسب البيوت والمحلات والمكاتب، ونتولى معها التركيب والصيانة من فريق فني متخصص. اختيار الموديل يحتاج معاينة لمكانك، ونحن نساعدك تختار الأنسب. احجز معاينة: 0120066904 أو 0120066903 | R11: Samsung بتقنية حديثة... والتركيب الصح بكمل الصورة. عندنا مكيفات Samsung بخيارات كتيرة تناسب البيوت والمحلات والمكاتب، ومعاها التركيب والصيانة من فريق متخصص. اختيار الموديل محتاج معاينة لمكانك، ونحن بنساعدك تختار الأنسب. احجز معاينة: 0120066904 أو 0120066903
A12: P10 | B12: P10 — 2026-11-10 — قائمة علامات | C12: العربية | D12: سودانية | E12: فيسبوك | F12: ودي دافئ | G12: 45 | H12: 46 | I12: 7.5 | J12: 5.8 | K12: 0 | L12: 0 | M12: 85 | N12: 85 | O12: =N12-M12 -> 0 | P12: =L12-K12 -> 0 | Q12: المكيف بيديك إشارات قبل ما يقف... انت فاهمها؟ صوت غير عادي، ريحة مزعجة، ماية بتقطر من الوحدة الداخلية، أو برودة أضعف من المعتاد. كل علامة من دي ممكن تكون بداية عطل. التدخل المبكر أأمن وأريح من انتظار توقف الجهاز. لو لاحظت أي علامة كلمونا: 0120066904 | R12: المكيف بديك إشارات قبل ما يقف... انت فاهمها؟ صوت غريب. ريحة مزعجة. مية بتقطر من الوحدة الداخلية، أو برودة أضعف من العادي. كل علامة من دي ممكن تكون بداية عطل. التدخل بدري أأمن وأريح من الانتظار لحد ما الجهاز يقف. لو لاحظت أي علامة كلمونا: 0120066904
A13: P11 | B13: P11 — 2026-11-11 — كاروسيل خدمات | C13: العربية | D13: سودانية | E13: فيسبوك | F13: رسمي مباشر | G13: 55 | H13: 57 | I13: 11 | J13: 11.4 | K13: 0 | L13: 0 | M13: 85 | N13: 85 | O13: =N13-M13 -> 0 | P13: =L13-K13 -> 0 | Q13: من التكييف للكهرباء والمولدات... كل خدماتنا في مكان واحد. في إدراك الهندسية نقدم: توريد وتركيب وصيانة أجهزة التكييف والتبريد، وتنفيذ التمديدات الكهربائية للمنشآت والمنازل، وتوريد وتركيب وصيانة المولدات الكهربائية، وتنفيذ مشاريع الطاقة الشمسية، وتوريد قطع الغيار الأصلية، وخدمات استشارية لتفادي الأخطاء المحتملة. ونركز على التركيب السليم والصيانة الدورية. اسأل عن أي خدمة: 0120066904 أو 0120066903 | R13: من التكييف للكهرباء والمولدات... كل خدماتنا في مكان واحد. في إدراك الهندسية بنقدم: توريد وتركيب وصيانة أجهزة التكييف والتبريد، وتنفيذ التمديدات الكهربائية للمنشآت والبيوت، وتوريد وتركيب وصيانة المولدات، وتنفيذ مشاريع الطاقة الشمسية، وتوريد قطع الغيار الأصلية، وخدمات استشارية عشان نتفادى الأخطاء قبل ما تحصل. وبنركز على التركيب السليم والصيانة الدورية. اسأل عن أي خدمة: 0120066904 أو 0120066903
A14: P12 | B14: P12 — 2026-11-12 — منشور صورة منتج | C14: العربية | D14: سودانية | E14: فيسبوك | F14: تسويقي مقنع | G14: 36 | H14: 36 | I14: 7.2 | J14: 7.2 | K14: 0 | L14: 0 | M14: 100 | N14: 100 | O14: =N14-M14 -> 0 | P14: =L14-K14 -> 0 | Q14: LG بتفكر في راحتك... ونحن نهتم بالتركيب والصيانة. نوفر مكيفات LG بأنواع مختلفة، ونتولى تركيبها بشكل مرتب وآمن، ونقدم صيانتها الدورية للحفاظ على كفاءتها. كلمنا نشوف معاك المكان والاحتياج، ونرشح لك الخيار المناسب. اطلب معاينة: 0120066904 | R14: LG بتفكر في راحتك... ونحن بنهتم بالتركيب والصيانة. نوفر مكيفات LG بأنواع مختلفة، ونركبها بترتيب وأمان، ونعمل ليها صيانة دورية عشان تحافظ على كفاءتها. كلمنا نشوف معاك المكان والاحتياج، ونرشح ليك الخيار المناسب. اطلب معاينة: 0120066904
... A20: F03 | B20: سؤال شائع | C20: العربية | D20: سودانية | E20: فيسبوك | F20: ودي دافئ | G20: 19 | H20: 15 | I20: 6.3 | J20: 5 | K20: 0 | L20: 0 | M20: 82 | N20: 100 | O20: =N20-M20 -> 18 | P20: =L20-K20 -> 0 | Q20: ما هي أسعار المكيفات؟ الأسعار تحدد بعد المعاينة حسب الموديل والمكان والخدمة المطلوبة. تواصلوا معنا على 0120066904 أو 0120066903. | R20: الأسعار كم؟ السعر بيتحدد بعد المعاينة حسب الموديل والمكان والخدمة المطلوبة. كلمونا: 0120066904 أو 0120066903.

Sheet المقاييس
A1: تفاصيل المقاييس
A2: المعرف | B2: جمل قبل | C2: جمل بعد | D2: انحراف الجمل قبل | E2: انحراف الجمل بعد | F2: معامل التنوع قبل | G2: معامل التنوع بعد | H2: نسبة الفقرات القصيرة قبل | I2: نسبة الفقرات القصيرة بعد | J2: جمل طويلة قبل | K2: جمل طويلة بعد | L2: تعجب قبل | M2: تعجب بعد
A3: P01 | B3: 6 | C3: 6 | D3: 5.2 | E3: 5.7 | F3: 0.63 | G3: 0.66 | H3: 0 | I3: 0 | J3: 0 | K3: 0 | L3: 1 | M3: 1
A4: P02 | B4: 9 | C4: 8 | D4: 2.9 | E4: 2.8 | F4: 0.61 | G4: 0.51 | H4: 0 | I4: 0 | J4: 0 | K4: 0 | L4: 0 | M4: 0
A5: P03 | B5: 5 | C5: 6 | D5: 5.2 | E5: 3.8 | F5: 0.56 | G5: 0.52 | H5: 0 | I5: 0 | J5: 0 | K5: 0 | L5: 0 | M5: 0
A6: P04 | B6: 7 | C6: 7 | D6: 3.8 | E6: 2.7 | F6: 0.5 | G6: 0.35 | H6: 0 | I6: 0 | J6: 0 | K6: 0 | L6: 0 | M6: 0
A7: P05 | B7: 6 | C7: 8 | D7: 5.2 | E7: 3.2 | F7: 0.86 | G7: 0.65 | H7: 1 | I7: 1 | J7: 0 | K7: 0 | L7: 0 | M7: 0
A8: P06 | B8: 5 | C8: 5 | D8: 4.6 | E8: 4 | F8: 0.61 | G8: 0.55 | H8: 1 | I8: 1 | J8: 0 | K8: 0 | L8: 0 | M8: 0
A9: P07 | B9: 5 | C9: 6 | D9: 4.3 | E9: 2.9 | F9: 0.47 | G9: 0.38 | H9: 0 | I9: 0 | J9: 0 | K9: 0 | L9: 1 | M9: 1
A10: P08 | B10: 8 | C10: 6 | D10: 4 | E10: 3.8 | F10: 0.79 | G10: 0.52 | H10: 0 | I10: 0 | J10: 0 | K10: 0 | L10: 0 | M10: 0
A11: P09 | B11: 5 | C11: 5 | D11: 5.1 | E11: 4.4 | F11: 0.67 | G11: 0.61 | H11: 1 | I11: 1 | J11: 0 | K11: 0 | L11: 0 | M11: 0
A12: P10 | B12: 6 | C12: 8 | D12: 3.9 | E12: 3.2 | F12: 0.52 | G12: 0.56 | H12: 0 | I12: 0 | J12: 0 | K12: 0 | L12: 0 | M12: 0
A13: P11 | B13: 5 | C13: 5 | D13: 11 | E13: 11.8 | F13: 1 | G13: 1.04 | H13: 0 | I13: 0 | J13: 1 | K13: 1 | L13: 0 | M13: 0
A14: P12 | B14: 5 | C14: 5 | D14: 4.9 | E14: 4.9 | F14: 0.68 | G14: 0.68 | H14: 1 | I14: 1 | J14: 0 | K14: 0 | L14: 0 | M14: 0
... A20: F03 | B20: 3 | C20: 3 | D20: 2.1 | E20: 2.9 | F20: 0.32 | G20: 0.59 | H20: 1 | I20: 1 | J20: 0 | K20: 0 | L20: 0 | M20: 0
A22: معامل التنوع = الانحراف ÷ المتوسط. الدرجة من 100: 50 نقطة للتنوع (قيمة 0.5 تعطي الدرجة كاملة)، 15 للفقرات القصيرة، 25 لغياب الكليشيهات، 10 للتعجب.

Sheet الكليشيهات المكتشفة
A1: العبارات النمطية المكتشفة
A2: المعرف | B2: الحالة | C2: الفئة | D2: العبارة | E2: البديل المقترح | F2: ملاحظة المراجع

Sheet القاموس
A1: قاموس العبارات النمطية: عام ولهجات (خليجية، مصرية، سودانية)
A2: الرقم | B2: اللهجة | C2: الفئة | D2: العربية | E2: English / المعنى | F2: البديل بالعربية | G2: Replacement (EN)
A3: C01 | B3: عامة | C3: افتتاحيات | D3: في عالم يتسارع فيه كل شيء | E3: in today's fast-paced world | F3: ابدأ بالمشكلة أو الفكرة مباشرة | G3: open with the specific problem
A4: C02 | B4: عامة | C4: افتتاحيات | D4: في ظل التطور المتسارع | E4: in the ever-evolving landscape | F4: اذكر التغيير المحدد الذي يهم القارئ | G4: name the specific change that matters
A5: C03 | B5: عامة | C5: افتتاحيات | D5: لا يخفى على أحد | E5: it's no secret that | F5: احذف العبارة وقدّم الحقيقة | G5: drop it and state the fact
A6: C04 | B6: عامة | C6: افتتاحيات | D6: نغوص في عالم | E6: let's dive into | F6: قدّم الموضوع بجملة واحدة | G6: state the topic in one sentence
A7: C05 | B7: عامة | C7: افتتاحيات | D7: في الآونة الأخيرة | E7: in recent times | F7: اذكر تاريخاً أو حدثاً محدداً | G7: use a specific date or event
A8: C06 | B8: عامة | C8: روابط | D8: من الجدير بالذكر أن | E8: it's worth noting that | F8: ابدأ بالمعلومة نفسها | G8: start with the information itself
A9: C07 | B9: عامة | C9: روابط | D9: علاوة على ذلك | E9: moreover | F9: ابدأ جملة جديدة | G9: start a new sentence
A10: C08 | B10: عامة | C10: روابط | D10: وفي هذا السياق | E10: in this context | F10: احذفها، فالسياق واضح من الجملة السابقة | G10: delete it, the context is clear
A11: C09 | B11: عامة | C11: روابط | D11: في نهاية المطاف | E11: at the end of the day | F11: اذكر النتيجة مباشرة | G11: state the outcome directly
A12: C10 | B12: عامة | C12: روابط | D12: — | E12: furthermore | F12: — | G12: use 'and' or start a new sentence
A13: C11 | B13: عامة | C13: ختام | D13: خلاصة القول | E13: in conclusion | F13: لخّص الفكرة في جملة واحدة | G13: state the takeaway in one sentence
... A61: S08 | B61: سودانية | C61: إلحاح ودعوة | D61: الطلب فوراً | E61: order immediately | F61: اكتب خطوات الطلب واحدة بعد الأخرى | G61: describe the ordering steps one by one

Sheet الأنماط
A1: أنماط الكتابة: الأساسية والاختيارية
A2: النمط | B2: Style | C2: النوع | D2: متى يُستخدم | E2: الحدود
A3: رسمي مباشر | B3: Formal and direct | C3: أساسي | D3: بيانات الشركات، التقارير، الإعلانات الرسمية، المراسلات مع الجهات والعملاء الكبار. | E3: جمل قصيرة، أفعال نشطة، أرقام وحقائق. لا مصطلحات فخمة ولا تكرار للمعنى نفسه. الرسمية لا تعني تعقيد الجمل.
A4: ودي دافئ | B4: Friendly and warm | C4: أساسي | D4: منشورات المجتمع، رسائل الترحيب، النشرات البريدية، صفحات 'من نحن'، الرد على العملاء. | E4: ضمير المخاطب المباشر، جمل متوسطة، لا تحبب مفرط ولا علامات تعجب متتالية. اكتب كزميل موثوق لا كبائع.
A5: تسويقي مقنع | B5: Persuasive and conversion-focused | C5: أساسي | D5: الإعلانات، صفحات الهبوط، إعلانات السوشيال ميديا، الحملات ذات الدعوة للإجراء. | E5: الفائدة قبل الميزة، وعد قابل للتحقق لا مبالغة، دعوة واحدة واضحة للإجراء. لا عبارات فارغة مثل 'الخيار الأمثل'.
A6: مرح تفاعلي | B6: Playful and engaging | C6: اختياري | D6: طلب صريح من المستخدم، أو حملات لجمهور شاب على تيك توك وإنستجرام. | E6: دعابة خفيفة مرتبطة بالسياق، لا دعابة مفروضة. علامات التعجب بحد أقصى واحدة لكل فقرة.
A7: تثقيفي قصصي | B7: Educational and story-driven | C7: اختياري | D7: طلب صريح من المستخدم، أو مقالات ومدونات تشرح فكرة بأمثلة واقعية. | E7: افتتاحية بمشهد أو تجربة حقيقية، ثم الفكرة، ثم خلاصة واضحة. الأمثلة من بيئة القارئ، والأرقام موثقة.

Sheet قائمة الفحص
A1: قائمة الفحص قبل التسليم (ضع علامة في العمود الأصفر)
A2: المجموعة | B2: البند | C2: تم
A3: الإيقاع | B3: تنوع طول الجمل واضح: جمل قصيرة وأخرى متوسطة، وليست كلها بنفس الطول
A4: الإيقاع | B4: لا تبدأ أكثر من ثلاث جمل متتالية بالفاعل نفسه
A5: الإيقاع | B5: توجد فقرة قصيرة واحدة على الأقل لكل 150 كلمة تقريباً
A6: الكليشيهات | B6: لا توجد عبارات من القاموس المرجعي إلا إذا كانت مقصودة
A7: الكليشيهات | B7: لا توجد افتتاحية عامة مثل 'في عالم يتسارع' أو 'in today's fast-paced world'
A8: الكليشيهات | B8: لا توجد مبالغات مثل 'ثورة حقيقية' أو 'game changer' دون دليل
A9: الحدة والعاطفة | B9: علامات التعجب لا تتجاوز واحدة في النص القصير، ولا تُستخدم لافتعال الحماس
A10: الحدة والعاطفة | B10: الدعابة (إن وُجدت) مرتبطة بالسياق وليست مفروضة
A11: الحدة والعاطفة | B11: لا توجد وعود مالية أو نتائج لا يمكن التحقق منها
A12: النمط واللهجة | B12: النمط المختار (رسمي / ودي / تسويقي) واضح من أول فقرة
A13: النمط واللهجة | B13: اللهجة متسقة داخل النص، ولا تُخلط الفصحى والعامية في الجملة نفسها
A14: النمط واللهجة | B14: المصطلحات التقنية والأرقام بالفصحى حتى في النصوص العامية
... A16: الإغلاق | B16: الدعوة للإجراء (إن وُجدت) واحدة وواضحة

Sheet الفحص
A1: نتائج الفحص
A2: المعرف | B2: المستوى | C2: الرسالة
A3: P04 | B3: تحذير | C3: درجة البشرية انخفضت بعد التعديل، راجع النص
A4: P07 | B4: تحذير | C4: درجة البشرية انخفضت بعد التعديل، راجع النص
A5: P13 | B5: تحذير | C5: درجة البشرية انخفضت بعد التعديل، راجع النص
A6: P13 | B6: تحذير | C6: طول الجمل متقارب جداً، أضف تنوعاً في الإيقاع
