Workbook

Sheet لوحة المؤشرات
A1: لوحة حملة: حملة إدراك الهندسية – التكييف على فيسبوك
A3: الهدف | B3: توليد عملاء محتملين
A4: المنتج / الخدمة | B4: توريد وتركيب وصيانة أجهزة التكييف (O General، Midea، Samsung، LG، Gree) مع باقي خدمات الشركة
A5: الجمهور المستهدف | B5: أصحاب المنازل والوحدات السكنية والمحلات التجارية والمنشآت في السودان
A6: السوق | B6: السودان
A7: اللهجة | B7: سودانية
A8: تاريخ البدء | B8: 46327
A9: تاريخ الانتهاء | B9: 46341
A10: المدة (أيام) | B10: 15
A11: المنصات | B11: facebook
A13: توزيع الركائز
A14: الركيزة | B14: المستهدف | C14: العدد الفعلي | D14: النسبة الفعلية | E14: الانحراف | F14: الحالة
A15: تعليمي وقيمة | B15: 0.3 | C15: =COUNTIF(التقويم!$E$3:$E$17,A15) -> 4 | D15: =IF($C$19=0,0,C15/$C$19) -> 0.26666667 | E15: =D15-B15 -> -0.033333333 | F15: =IF(ABS(E15)>0.05,"خارج النطاق","ضمن النطاق") -> ضمن النطاق
A16: تفاعلي ومجتمعي | B16: 0.2 | C16: =COUNTIF(التقويم!$E$3:$E$17,A16) -> 3 | D16: =IF($C$19=0,0,C16/$C$19) -> 0.2 | E16: =D16-B16 -> 0 | F16: =IF(ABS(E16)>0.05,"خارج النطاق","ضمن النطاق") -> ضمن النطاق
A17: ثقة وأدلة اجتماعية | B17: 0.2 | C17: =COUNTIF(التقويم!$E$3:$E$17,A17) -> 3 | D17: =IF($C$19=0,0,C17/$C$19) -> 0.2 | E17: =D17-B17 -> 0 | F17: =IF(ABS(E17)>0.05,"خارج النطاق","ضمن النطاق") -> ضمن النطاق
A18: ترويجي مباشر | B18: 0.3 | C18: =COUNTIF(التقويم!$E$3:$E$17,A18) -> 5 | D18: =IF($C$19=0,0,C18/$C$19) -> 0.33333333 | E18: =D18-B18 -> 0.033333333 | F18: =IF(ABS(E18)>0.05,"خارج النطاق","ضمن النطاق") -> ضمن النطاق
A19: الإجمالي | B19: =SUM(B15:B18) -> 1 | C19: =SUM(C15:C18) -> 15 | D19: =SUM(D15:D18) -> 1
A21: المنصات
A22: المنصة | B22: عدد المنشورات | C22: النسبة
A23: facebook | B23: =COUNTIF(التقويم!$D$3:$D$17,A23) -> 15 | C23: =IF($C$19=0,0,B23/$C$19) -> 1
A25: حالة المحتوى
A26: الحالة | B26: العدد
A27: مسودة | B27: =COUNTIF(التقويم!$I$3:$I$17,A27) -> 15
A28: جاهز للمراجعة | B28: =COUNTIF(التقويم!$I$3:$I$17,A28) -> 0
A29: مجدول | B29: =COUNTIF(التقويم!$I$3:$I$17,A29) -> 0
A30: منشور | B30: =COUNTIF(التقويم!$I$3:$I$17,A30) -> 0
A32: فحص الجودة
A33: إجمالي المنشورات | B33: =COUNTA(التقويم!$A$3:$A$17) -> 15
A34: أخطاء يجب إصلاحها | B34: =COUNTIF(الفحص!$C$2:$C$2,"خطأ") -> 0
A35: تحذيرات للمراجعة | B35: =COUNTIF(الفحص!$C$2:$C$2,"تحذير") -> 0

Sheet التقويم
A1: التقويم التحريري
A2: الرقم | B2: التاريخ | C2: اليوم | D2: المنصة | E2: الركيزة | F2: الخطاف | G2: الشكل | H2: نوع الأصل البصري | I2: الحالة | J2: الهدف
A3: P01 | B3: 46327 | C3: الأحد | D3: facebook | E3: تعليمي وقيمة | F3: يا جماعة، المكيف ما بيبرد بس بالجهاز... التركيب الصح هو الفرق! | G3: منشور صورة | H3: غلاف بهوية الشركة | I3: مسودة | J3: توليد عملاء محتملين
A4: P02 | B4: 46328 | C4: الاثنين | D4: facebook | E4: تفاعلي ومجتمعي | F4: شنو أكبر مشكلة عندك في المكيف هسه؟ 🤔 | G4: منشور نصي مع صورة | H4: صورة استطلاع | I4: مسودة | J4: تفاعل
A5: P03 | B5: 46329 | C5: الثلاثاء | D5: facebook | E5: ترويجي مباشر | F5: من البيت الصغير لحد المحل التجاري... عندنا مكيفات O General. | G5: منشور صورة منتج | H5: صورة منتج عامة (يضاف شعار البراند لاحقاً من ملفاته الرسمية) | I5: مسودة | J5: توليد عملاء محتملين
A6: P04 | B6: 46330 | C6: الأربعاء | D6: facebook | E6: تعليمي وقيمة | F6: قبل ما تشتري المكيف، اسأل: المساحة كم؟ والعزل كويس ولا لأ؟ | G6: منشور إنفوجرافيك | H6: إنفوجرافيك | I6: مسودة | J6: تفاعل
A7: P05 | B7: 46331 | C7: الخميس | D7: facebook | E7: ثقة وأدلة اجتماعية | F7: فنيينا ما بيشتغلوا بالتخمين... بيشتغلوا بالخبرة. | G7: صورة فريق | H7: صورة فريق حقيقية [يتطلب موافقة الفريق قبل النشر] | I7: مسودة | J7: بناء مجتمع
A8: P06 | B8: 46332 | C8: الجمعة | D8: facebook | E8: ترويجي مباشر | F8: الحر ما بيستنى... ومكيفات Midea عندنا بالتركيب والصيانة. | G8: منشور صورة منتج | H8: صورة منتج عامة (يضاف شعار البراند لاحقاً من ملفاته الرسمية) | I8: مسودة | J8: توليد عملاء محتملين
A9: P07 | B9: 46333 | C9: السبت | D9: facebook | E9: تعليمي وقيمة | F9: الكويلات المتسخة بتسرق برودة مكيفك وانت ما شايف! | G9: منشور نصي مع صورة | H9: صورة مقارنة كويل نظيف ومتسخ | I9: مسودة | J9: تفاعل
A10: P08 | B10: 46334 | C10: الأحد | D10: facebook | E10: تفاعلي ومجتمعي | F10: وين بتحب تركب المكيف في بيتك؟ 🏠 | G10: سؤال تفاعلي | H10: صورة تفاعلية لغرفة فارغة | I10: مسودة | J10: تفاعل
A11: P09 | B11: 46335 | C11: الاثنين | D11: facebook | E11: ترويجي مباشر | F11: Samsung بتقنية حديثة... والتركيب الصح يكمل الصورة. | G11: منشور صورة منتج | H11: صورة منتج عامة (يضاف شعار البراند لاحقاً من ملفاته الرسمية) | I11: مسودة | J11: توليد عملاء محتملين
A12: P10 | B12: 46336 | C12: الثلاثاء | D12: facebook | E12: تعليمي وقيمة | F12: المكيف بيديك إشارات قبل ما يقف... انت فاهمها؟ | G12: قائمة علامات | H12: بطاقة علامات تحذير | I12: مسودة | J12: توليد عملاء محتملين
A13: P11 | B13: 46337 | C13: الأربعاء | D13: facebook | E13: ثقة وأدلة اجتماعية | F13: من التكييف للكهرباء والمولدات... كل خدماتنا في مكان واحد. | G13: كاروسيل خدمات | H13: كولاج خدمات | I13: مسودة | J13: توليد عملاء محتملين
A14: P12 | B14: 46338 | C14: الخميس | D14: facebook | E14: ترويجي مباشر | F14: LG بتفكر في راحتك... ونحن نهتم بالتركيب والصيانة. | G14: منشور صورة منتج | H14: صورة منتج عامة (يضاف شعار البراند لاحقاً من ملفاته الرسمية) | I14: مسودة | J14: توليد عملاء محتملين
... A17: P15 | B17: 46341 | C17: الأحد | D17: facebook | E17: ترويجي مباشر | F17: Gree لبيت بارد في الحر... وإدراك جاهزة تركبه وتصونه. | G17: منشور صورة منتج | H17: صورة منتج عامة (يضاف شعار البراند لاحقاً من ملفاته الرسمية) | I17: مسودة | J17: توليد عملاء محتملين

Sheet الحزم
A1: حزم المنشورات الكاملة
A2: الرقم | B2: المنصة | C2: الركيزة | D2: الخطاف | E2: النص الكامل | F2: الكلمات المفتاحية | G2: عدد الأحرف | H2: الحد الأقصى | I2: الحالة
A3: P01 | B3: facebook | C3: تعليمي وقيمة | D3: يا جماعة، المكيف ما بيبرد بس بالجهاز... التركيب الصح هو الفرق! | E3: يا جماعة، المكيف ما بيبرد بس بالجهاز... التركيب الصح هو الفرق! في إدراك الهندسية نؤمن إن جودة التبريد تبدأ من التوريد والتركيب السليم، وتستمر بالصيانة الدورية. نقدم توريد وتركيب وصيانة أجهزة التكييف والتبريد بمختلف أنواعها، مع فنيين ذوي خبرة وإشراف هندسي متخصص. الحقيقة تفوق التوقعات. كلمونا الآن: 0120066904 أو 0120066903 #إدراك_الهندسية #تكييف_السودان #تكييف | F3: شركة تكييف في السودان، تركيب مكيفات الخرطوم، صيانة مكيفات | G3: =LEN(E3) -> 363 | H3: 2000 | I3: =IF(G3>H3,"تجاوز الحد","ضمن الحد") -> ضمن الحد
A4: P02 | B4: facebook | C4: تفاعلي ومجتمعي | D4: شنو أكبر مشكلة عندك في المكيف هسه؟ 🤔 | E4: شنو أكبر مشكلة عندك في المكيف هسه؟ 🤔 ضعف برودة؟ صوت عالي؟ ريحة غير طبيعية؟ ولا ماية بتقطر من الوحدة الداخلية؟ اكتب المشكلة في التعليقات، وبنرد عليك بنصيحة أولية. وإذا الحالة محتاجة معاينة، فريقنا جاهز يحدد السبب بدقة. اكتب في التعليقات أو اتصل: 0120066904 #إدراك_الهندسية #مكيفات | F4: مشاكل المكيف، صيانة مكيفات السودان | G4: =LEN(E4) -> 282 | H4: 2000 | I4: =IF(G4>H4,"تجاوز الحد","ضمن الحد") -> ضمن الحد
A5: P03 | B5: facebook | C5: ترويجي مباشر | D5: من البيت الصغير لحد المحل التجاري... عندنا مكيفات O General. | E5: من البيت الصغير لحد المحل التجاري... عندنا مكيفات O General. نوفر مكيفات براند O General بأحجام وأنواع مختلفة، ونتولى توريدها وتركيبها وصيانتها. نحدد الموديل المناسب لمساحة مكانك بعد المعاينة، لأن الاختيار الصح يحافظ على البرودة ويساعد على استهلاك كهرباء أفضل. اطلب معاينة لمكانك: 0120066904 أو 0120066903 #إدراك_الهندسية #OGeneral #مكيفات | F5: مكيف O General السودان، تركيب مكيفات الخرطوم | G5: =LEN(E5) -> 342 | H5: 2000 | I5: =IF(G5>H5,"تجاوز الحد","ضمن الحد") -> ضمن الحد
A6: P04 | B6: facebook | C6: تعليمي وقيمة | D6: قبل ما تشتري المكيف، اسأل: المساحة كم؟ والعزل كويس ولا لأ؟ | E6: قبل ما تشتري المكيف، اسأل: المساحة كم؟ والعزل كويس ولا لأ؟ حجم المكيف المناسب ما بيتحدد بالعين. بيعتمد على مساحة الغرفة، عدد النوافذ، اتجاه الشمس، والأجهزة الكهربائية الموجودة فيها. الاختيار الغلط يخلي الجهاز يشتغل أكتر من اللازم ويستهلك كهرباء زيادة، والاختيار الصح يريح المكان. نقدم معاينة لتحديد الحجم المناسب. اسأل قبل ما تشتري: 0120066904 #إدراك_الهندسية #نصائح_تكييف #تكييف | F6: اختيار حجم المكيف، نصائح تركيب مكيف | G6: =LEN(E6) -> 382 | H6: 2000 | I6: =IF(G6>H6,"تجاوز الحد","ضمن الحد") -> ضمن الحد
A7: P05 | B7: facebook | C7: ثقة وأدلة اجتماعية | D7: فنيينا ما بيشتغلوا بالتخمين... بيشتغلوا بالخبرة. | E7: فنيينا ما بيشتغلوا بالتخمين... بيشتغلوا بالخبرة. كوادرنا الفنية عندها خبرات طويلة في تركيب وصيانة أجهزة التكييف والتبريد بمختلف أنواعها، ويدعمها إشراف مهندسين متخصصين. نبدأ بمعاينة الموقع، ثم ننفذ بترتيب ودقة. الحقيقة تفوق التوقعات. تابعونا وكلمونا: 0120066904 #إدراك_الهندسية #فنيين | F7: فنيي تكييف، شركة تركيب مكيفات | G7: =LEN(E7) -> 286 | H7: 2000 | I7: =IF(G7>H7,"تجاوز الحد","ضمن الحد") -> ضمن الحد
A8: P06 | B8: facebook | C8: ترويجي مباشر | D8: الحر ما بيستنى... ومكيفات Midea عندنا بالتركيب والصيانة. | E8: الحر ما بيستنى... ومكيفات Midea عندنا بالتركيب والصيانة. نوفر مكيفات براند Midea بأنواعها المختلفة، ونتولى تركيبها وصيانتها بفنيين مؤهلين. اختيار الموديل الأنسب يبدأ بمعرفة مساحة مكانك وطبيعة استخدامه، وهذا ما نساعدك فيه خلال المعاينة. كلمونا لمعاينة مكانك: 0120066903 #إدراك_الهندسية #Midea #مكيفات | F8: مكيف Midea السودان، تركيب مكيف ميديا | G8: =LEN(E8) -> 302 | H8: 2000 | I8: =IF(G8>H8,"تجاوز الحد","ضمن الحد") -> ضمن الحد
A9: P07 | B9: facebook | C9: تعليمي وقيمة | D9: الكويلات المتسخة بتسرق برودة مكيفك وانت ما شايف! | E9: الكويلات المتسخة بتسرق برودة مكيفك وانت ما شايف! تراكم الأتربة على الفلاتر والكويلات يقلل كفاءة التبريد، ويرفع استهلاك الكهرباء، ويضغط على مكونات الجهاز. التنظيف الدوري بالمواد المناسبة، مع التطهير والمراجعة، يحافظ على الأداء ويطيل عمر المكيف. نقدم خدمة تنظيف ومراجعة وتطهير وتعطير للمكيفات. احجز صيانتك: 0120066904 #إدراك_الهندسية #صيانة_مكيفات #تنظيف | F9: تنظيف مكيفات الخرطوم، تنظيف الكويلات | G9: =LEN(E9) -> 355 | H9: 2000 | I9: =IF(G9>H9,"تجاوز الحد","ضمن الحد") -> ضمن الحد
A10: P08 | B10: facebook | C10: تفاعلي ومجتمعي | D10: وين بتحب تركب المكيف في بيتك؟ 🏠 | E10: وين بتحب تركب المكيف في بيتك؟ 🏠 صالة؟ غرفة نوم؟ ولا محل تجاري؟ قول لنا المكان والمساحة تقريباً، وشاركنا أكبر تحدي عندك في التبريد. اختيار مكان التركيب يفرق كتير في البرودة وفي سهولة الصيانة بعدين. اكتب ردك في التعليقات أو اتصل: 0120066904 #إدراك_الهندسية #تكييف | F10: مكان تركيب المكيف، تركيب مكيف في الصالة | G10: =LEN(E10) -> 264 | H10: 2000 | I10: =IF(G10>H10,"تجاوز الحد","ضمن الحد") -> ضمن الحد
A11: P09 | B11: facebook | C11: ترويجي مباشر | D11: Samsung بتقنية حديثة... والتركيب الصح يكمل الصورة. | E11: Samsung بتقنية حديثة... والتركيب الصح يكمل الصورة. نوفر مكيفات Samsung بخيارات متعددة تناسب البيوت والمحلات والمكاتب، ونتولى معها التركيب والصيانة من فريق فني متخصص. اختيار الموديل يحتاج معاينة لمكانك، ونحن نساعدك تختار الأنسب. احجز معاينة: 0120066904 أو 0120066903 #إدراك_الهندسية #Samsung #مكيفات | F11: مكيف سامسونج السودان، تركيب مكيف سامسونج | G11: =LEN(E11) -> 301 | H11: 2000 | I11: =IF(G11>H11,"تجاوز الحد","ضمن الحد") -> ضمن الحد
A12: P10 | B12: facebook | C12: تعليمي وقيمة | D12: المكيف بيديك إشارات قبل ما يقف... انت فاهمها؟ | E12: المكيف بيديك إشارات قبل ما يقف... انت فاهمها؟ صوت غير عادي، ريحة مزعجة، ماية بتقطر من الوحدة الداخلية، أو برودة أضعف من المعتاد. كل علامة من دي ممكن تكون بداية عطل. التدخل المبكر أأمن وأريح من انتظار توقف الجهاز. لو لاحظت أي علامة كلمونا: 0120066904 #إدراك_الهندسية #صيانة_مكيفات #مكيفات | F12: اعطال المكيف، صيانة طارئة مكيفات | G12: =LEN(E12) -> 290 | H12: 2000 | I12: =IF(G12>H12,"تجاوز الحد","ضمن الحد") -> ضمن الحد
A13: P11 | B13: facebook | C13: ثقة وأدلة اجتماعية | D13: من التكييف للكهرباء والمولدات... كل خدماتنا في مكان واحد. | E13: من التكييف للكهرباء والمولدات... كل خدماتنا في مكان واحد. في إدراك الهندسية نقدم: توريد وتركيب وصيانة أجهزة التكييف والتبريد، وتنفيذ التمديدات الكهربائية للمنشآت والمنازل، وتوريد وتركيب وصيانة المولدات الكهربائية، وتنفيذ مشاريع الطاقة الشمسية، وتوريد قطع الغيار الأصلية، وخدمات استشارية لتفادي الأخطاء المحتملة. ونركز على التركيب السليم والصيانة الدورية. اسأل عن أي خدمة: 0120066904 أو 0120066903 #إدراك_الهندسية #خدمات_هندسية | F13: شركة هندسية في السودان، صيانة مولدات كهرباء، تمديدات كهربائية | G13: =LEN(E13) -> 429 | H13: 2000 | I13: =IF(G13>H13,"تجاوز الحد","ضمن الحد") -> ضمن الحد
A14: P12 | B14: facebook | C14: ترويجي مباشر | D14: LG بتفكر في راحتك... ونحن نهتم بالتركيب والصيانة. | E14: LG بتفكر في راحتك... ونحن نهتم بالتركيب والصيانة. نوفر مكيفات LG بأنواع مختلفة، ونتولى تركيبها بشكل مرتب وآمن، ونقدم صيانتها الدورية للحفاظ على كفاءتها. كلمنا نشوف معاك المكان والاحتياج، ونرشح لك الخيار المناسب. اطلب معاينة: 0120066904 #إدراك_الهندسية #LG #مكيفات | F14: مكيف LG السودان، تركيب مكيف LG | G14: =LEN(E14) -> 266 | H14: 2000 | I14: =IF(G14>H14,"تجاوز الحد","ضمن الحد") -> ضمن الحد
... A17: P15 | B17: facebook | C17: ترويجي مباشر | D17: Gree لبيت بارد في الحر... وإدراك جاهزة تركبه وتصونه. | E17: Gree لبيت بارد في الحر... وإدراك جاهزة تركبه وتصونه. نوفر مكيفات Gree بموديلات مختلفة، ونتولى توريدها وتركيبها وصيانتها. اختيار الجهاز الصحيح يبدأ بمعاينة المكان. تواصل معنا اليوم ونحدد لك الأنسب. الحقيقة تفوق التوقعات. كلمونا الآن: 0120066904 أو 0120066903 #إدراك_الهندسية #Gree #مكيفات | F17: مكيف Gree السودان، تركيب مكيف جري | G17: =LEN(E17) -> 290 | H17: 2000 | I17: =IF(G17>H17,"تجاوز الحد","ضمن الحد") -> ضمن الحد

Sheet الهاشتاقات
A1: الهاشتاقات والكلمات المفتاحية
A2: الرقم | B2: المنصة | C2: هاشتاقات تخصصية | D2: عدد التخصصية | E2: هاشتاقات عامة | F2: عدد العامة | G2: الإجمالي | H2: الحد المُوصى به | I2: الحالة | J2: الكلمات المفتاحية
A3: P01 | B3: facebook | C3: #إدراك_الهندسية #تكييف_السودان | D3: =IF(LEN(TRIM(C3))=0,0,LEN(TRIM(C3))-LEN(SUBSTITUTE(TRIM(C3)," ",""))+1) -> 2 | E3: #تكييف | F3: =IF(LEN(TRIM(E3))=0,0,LEN(TRIM(E3))-LEN(SUBSTITUTE(TRIM(E3)," ",""))+1) -> 1 | G3: =D3+F3 -> 3 | H3: 5 | I3: =IF(G3>H3,"تجاوز الحد","ضمن الحد") -> ضمن الحد | J3: شركة تكييف في السودان، تركيب مكيفات الخرطوم، صيانة مكيفات
A4: P02 | B4: facebook | C4: #إدراك_الهندسية | D4: =IF(LEN(TRIM(C4))=0,0,LEN(TRIM(C4))-LEN(SUBSTITUTE(TRIM(C4)," ",""))+1) -> 1 | E4: #مكيفات | F4: =IF(LEN(TRIM(E4))=0,0,LEN(TRIM(E4))-LEN(SUBSTITUTE(TRIM(E4)," ",""))+1) -> 1 | G4: =D4+F4 -> 2 | H4: 5 | I4: =IF(G4>H4,"تجاوز الحد","ضمن الحد") -> ضمن الحد | J4: مشاكل المكيف، صيانة مكيفات السودان
A5: P03 | B5: facebook | C5: #إدراك_الهندسية #OGeneral | D5: =IF(LEN(TRIM(C5))=0,0,LEN(TRIM(C5))-LEN(SUBSTITUTE(TRIM(C5)," ",""))+1) -> 2 | E5: #مكيفات | F5: =IF(LEN(TRIM(E5))=0,0,LEN(TRIM(E5))-LEN(SUBSTITUTE(TRIM(E5)," ",""))+1) -> 1 | G5: =D5+F5 -> 3 | H5: 5 | I5: =IF(G5>H5,"تجاوز الحد","ضمن الحد") -> ضمن الحد | J5: مكيف O General السودان، تركيب مكيفات الخرطوم
A6: P04 | B6: facebook | C6: #إدراك_الهندسية #نصائح_تكييف | D6: =IF(LEN(TRIM(C6))=0,0,LEN(TRIM(C6))-LEN(SUBSTITUTE(TRIM(C6)," ",""))+1) -> 2 | E6: #تكييف | F6: =IF(LEN(TRIM(E6))=0,0,LEN(TRIM(E6))-LEN(SUBSTITUTE(TRIM(E6)," ",""))+1) -> 1 | G6: =D6+F6 -> 3 | H6: 5 | I6: =IF(G6>H6,"تجاوز الحد","ضمن الحد") -> ضمن الحد | J6: اختيار حجم المكيف، نصائح تركيب مكيف
A7: P05 | B7: facebook | C7: #إدراك_الهندسية | D7: =IF(LEN(TRIM(C7))=0,0,LEN(TRIM(C7))-LEN(SUBSTITUTE(TRIM(C7)," ",""))+1) -> 1 | E7: #فنيين | F7: =IF(LEN(TRIM(E7))=0,0,LEN(TRIM(E7))-LEN(SUBSTITUTE(TRIM(E7)," ",""))+1) -> 1 | G7: =D7+F7 -> 2 | H7: 5 | I7: =IF(G7>H7,"تجاوز الحد","ضمن الحد") -> ضمن الحد | J7: فنيي تكييف، شركة تركيب مكيفات
A8: P06 | B8: facebook | C8: #إدراك_الهندسية #Midea | D8: =IF(LEN(TRIM(C8))=0,0,LEN(TRIM(C8))-LEN(SUBSTITUTE(TRIM(C8)," ",""))+1) -> 2 | E8: #مكيفات | F8: =IF(LEN(TRIM(E8))=0,0,LEN(TRIM(E8))-LEN(SUBSTITUTE(TRIM(E8)," ",""))+1) -> 1 | G8: =D8+F8 -> 3 | H8: 5 | I8: =IF(G8>H8,"تجاوز الحد","ضمن الحد") -> ضمن الحد | J8: مكيف Midea السودان، تركيب مكيف ميديا
A9: P07 | B9: facebook | C9: #إدراك_الهندسية #صيانة_مكيفات | D9: =IF(LEN(TRIM(C9))=0,0,LEN(TRIM(C9))-LEN(SUBSTITUTE(TRIM(C9)," ",""))+1) -> 2 | E9: #تنظيف | F9: =IF(LEN(TRIM(E9))=0,0,LEN(TRIM(E9))-LEN(SUBSTITUTE(TRIM(E9)," ",""))+1) -> 1 | G9: =D9+F9 -> 3 | H9: 5 | I9: =IF(G9>H9,"تجاوز الحد","ضمن الحد") -> ضمن الحد | J9: تنظيف مكيفات الخرطوم، تنظيف الكويلات
A10: P08 | B10: facebook | C10: #إدراك_الهندسية | D10: =IF(LEN(TRIM(C10))=0,0,LEN(TRIM(C10))-LEN(SUBSTITUTE(TRIM(C10)," ",""))+1) -> 1 | E10: #تكييف | F10: =IF(LEN(TRIM(E10))=0,0,LEN(TRIM(E10))-LEN(SUBSTITUTE(TRIM(E10)," ",""))+1) -> 1 | G10: =D10+F10 -> 2 | H10: 5 | I10: =IF(G10>H10,"تجاوز الحد","ضمن الحد") -> ضمن الحد | J10: مكان تركيب المكيف، تركيب مكيف في الصالة
A11: P09 | B11: facebook | C11: #إدراك_الهندسية #Samsung | D11: =IF(LEN(TRIM(C11))=0,0,LEN(TRIM(C11))-LEN(SUBSTITUTE(TRIM(C11)," ",""))+1) -> 2 | E11: #مكيفات | F11: =IF(LEN(TRIM(E11))=0,0,LEN(TRIM(E11))-LEN(SUBSTITUTE(TRIM(E11)," ",""))+1) -> 1 | G11: =D11+F11 -> 3 | H11: 5 | I11: =IF(G11>H11,"تجاوز الحد","ضمن الحد") -> ضمن الحد | J11: مكيف سامسونج السودان، تركيب مكيف سامسونج
A12: P10 | B12: facebook | C12: #إدراك_الهندسية #صيانة_مكيفات | D12: =IF(LEN(TRIM(C12))=0,0,LEN(TRIM(C12))-LEN(SUBSTITUTE(TRIM(C12)," ",""))+1) -> 2 | E12: #مكيفات | F12: =IF(LEN(TRIM(E12))=0,0,LEN(TRIM(E12))-LEN(SUBSTITUTE(TRIM(E12)," ",""))+1) -> 1 | G12: =D12+F12 -> 3 | H12: 5 | I12: =IF(G12>H12,"تجاوز الحد","ضمن الحد") -> ضمن الحد | J12: اعطال المكيف، صيانة طارئة مكيفات
A13: P11 | B13: facebook | C13: #إدراك_الهندسية | D13: =IF(LEN(TRIM(C13))=0,0,LEN(TRIM(C13))-LEN(SUBSTITUTE(TRIM(C13)," ",""))+1) -> 1 | E13: #خدمات_هندسية | F13: =IF(LEN(TRIM(E13))=0,0,LEN(TRIM(E13))-LEN(SUBSTITUTE(TRIM(E13)," ",""))+1) -> 1 | G13: =D13+F13 -> 2 | H13: 5 | I13: =IF(G13>H13,"تجاوز الحد","ضمن الحد") -> ضمن الحد | J13: شركة هندسية في السودان، صيانة مولدات كهرباء، تمديدات كهربائية
A14: P12 | B14: facebook | C14: #إدراك_الهندسية #LG | D14: =IF(LEN(TRIM(C14))=0,0,LEN(TRIM(C14))-LEN(SUBSTITUTE(TRIM(C14)," ",""))+1) -> 2 | E14: #مكيفات | F14: =IF(LEN(TRIM(E14))=0,0,LEN(TRIM(E14))-LEN(SUBSTITUTE(TRIM(E14)," ",""))+1) -> 1 | G14: =D14+F14 -> 3 | H14: 5 | I14: =IF(G14>H14,"تجاوز الحد","ضمن الحد") -> ضمن الحد | J14: مكيف LG السودان، تركيب مكيف LG
... A17: P15 | B17: facebook | C17: #إدراك_الهندسية #Gree | D17: =IF(LEN(TRIM(C17))=0,0,LEN(TRIM(C17))-LEN(SUBSTITUTE(TRIM(C17)," ",""))+1) -> 2 | E17: #مكيفات | F17: =IF(LEN(TRIM(E17))=0,0,LEN(TRIM(E17))-LEN(SUBSTITUTE(TRIM(E17)," ",""))+1) -> 1 | G17: =D17+F17 -> 3 | H17: 5 | I17: =IF(G17>H17,"تجاوز الحد","ضمن الحد") -> ضمن الحد | J17: مكيف Gree السودان، تركيب مكيف جري

Sheet البرومبتات
A1: برومبتات توليد الصور (EN للمولدات + ترجمة عربية)
A2: الرقم | B2: المنصة | C2: نسبة الأبعاد | D2: الفكرة الإخراجية | E2: البرومبت (EN) | F2: الترجمة العربية | G2: الأصل البصري
A3: P01 | B3: facebook | C3: 1:1 | D3: خلفية كحلي مع شريط برتقالي، فني يركب وحدة داخلية في غرفة معيشة نظيفة، مساحة فارغة على اليسار للشعار | E3: Editorial photograph of a Sudanese HVAC technician mounting a wall split AC unit in a modern living room, neat copper pipes, soft daylight from a window, 35mm eye-level, shallow depth of field f/2.8, navy and warm orange accents, clean negative space on the left third, no text, no logos, no watermark. | F3: صورة تحريرية لفني تكييف سوداني يركب وحدة تكييف جدارية في غرفة معيشة حديثة، مواسير نحاس مرتبة، ضوء نهاري ناعم من النافذة، عدسة 35 ملم بزاوية عين، عمق ميداني ضحل f/2.8، ألوان كحلي وبرتقالي دافئ، مساحة فارغة في الثلث الأيسر، بدون نص وبدون شعارات وبدون علامة مائية. | G3: غلاف بهوية الشركة
A4: P02 | B4: facebook | C4: 1:1 | D4: رسم مسطح لوحدة تكييف مع فقاعات كلام فارغة، ألوان كحلي وبرتقالي | E4: Flat vector illustration of a split AC unit with four blank speech bubbles around it, minimal style, navy and orange palette, clean negative space on the top, no text, no logos. | F4: رسم توضيحي مسطح لوحدة تكييف محاطة بأربع فقاعات كلام فارغة، أسلوب بسيط، ألوان كحلي وبرتقالي، مساحة فارغة في الأعلى، بدون نص وبدون شعارات. | G4: صورة استطلاع
A5: P03 | B5: facebook | C5: 1:1 | D5: وحدة تكييف داخلية بيضاء على جدار كحلي، إضاءة ناعمة، مساحة فارغة للشعار والنص | E5: Studio product photograph of a generic white wall split AC unit mounted on a deep navy wall, soft studio lighting, 50mm, shallow depth of field, warm orange accent light, clean negative space on the right third, no visible brand logos, no text, no watermark. | F5: صورة منتج في استوديو لوحدة تكييف جدارية بيضاء عامة مثبتة على جدار كحلي داكن، إضاءة استوديو ناعمة، عدسة 50 ملم، عمق ميداني ضحل، إضاءة برتقالية دافئة، مساحة فارغة في الثلث الأيمن، بدون شعارات براند وبدون نص وبدون علامة مائية. | G5: صورة منتج عامة (يضاف شعار البراند لاحقاً من ملفاته الرسمية)
A6: P04 | B6: facebook | C6: 1:1 | D6: رسم مسطح لغرفة معيشة مع أيقونات للشمس والنافذة والعزل، ألوان كحلي وبرتقالي | E6: Clean flat infographic-style illustration of a living room with icons for sun, window and wall insulation, navy and orange palette, clean negative space on the right third, no text, no logos. | F6: رسم توضيحي مسطح بأسلوب إنفوجرافيك لغرفة معيشة مع أيقونات للشمس والنافذة والعزل الحراري، ألوان كحلي وبرتقالي، مساحة فارغة في الثلث الأيمن، بدون نص وبدون شعارات. | G6: إنفوجرافيك
A7: P05 | B7: facebook | C7: 1:1 | D7: فريق فني بزي العمل الكحلي مع عدة العمل بجانب وحدة خارجية، ضوء نهار طبيعي | E7: Documentary-style photo of a team of Sudanese HVAC technicians in navy work uniforms with toolkits beside an outdoor condenser unit, natural daylight, 35mm eye-level, f/4, clean negative space on the top, no text, no logos. | F7: صورة بأسلوب توثيقي لفريق فني تكييف سوداني بزي عمل كحلي مع عدة العمل بجانب وحدة تكبيف خارجية، ضوء نهار طبيعي، عدسة 35 ملم بزاوية عين، f/4، مساحة فارغة في الأعلى، بدون نص وبدون شعارات. | G7: صورة فريق حقيقية [يتطلب موافقة الفريق قبل النشر]
A8: P06 | B8: facebook | C8: 1:1 | D8: وحدة تكييف بيضاء في غرفة نوم هادئة، ألوان دافئة مع خلفية كحلي | E8: Lifestyle photograph of a generic white wall split AC unit in a calm bedroom with warm afternoon light, navy accents, shallow depth of field, clean negative space on the upper left, no visible brand logos, no text, no watermark. | F8: صورة أسلوب حياة لوحدة تكييف جدارية بيضاء عامة في غرفة نوم هادئة مع ضوء بعد الظهر الدافئ، لمسات كحلية، عمق ميداني ضحل، مساحة فارغة في الأعلى يسار، بدون شعارات براند وبدون نص وبدون علامة مائية. | G8: صورة منتج عامة (يضاف شعار البراند لاحقاً من ملفاته الرسمية)
A9: P07 | B9: facebook | C9: 1:1 | D9: لقطة قريبة لكويل مكيف نظيف مقابل كويل مغطى بالأتربة، إضاءة واضحة | E9: Close-up macro photograph of an AC evaporator coil, half clean with bright aluminum fins and half covered in dust, split composition, soft studio light, clean negative space at the top, no text, no logos. | F9: لقطة مقربة لكويل مكيف، نصفه نظيف بزعانف ألومنيوم لامعة ونصفه مغطى بالأتربة، تكوين مقسوم، إضاءة استوديو ناعمة، مساحة فارغة في الأعلى، بدون نص وبدون شعارات. | G9: صورة مقارنة كويل نظيف ومتسخ
A10: P08 | B10: facebook | C10: 1:1 | D10: غرفة معيشة فارغة بجدار فارغ مناسب لتركيب مكيف، إضاءة نهارية | E10: Empty modern living room with a clean bare wall ideal for AC installation, daylight from a large window, minimal décor, navy and warm orange accents, 35mm eye-level, no text, no logos. | F10: غرفة معيشة حديثة فارغة بجدار نظيف مناسب لتركيب مكيف، ضوء نهاري من نافذة كبيرة، ديكور بسيط، لمسات كحلية وبرتقالية دافئة، عدسة 35 ملم بزاوية عين، بدون نص وبدون شعارات. | G10: صورة تفاعلية لغرفة فارغة
A11: P09 | B11: facebook | C11: 1:1 | D11: وحدة تكييف رمادية فاتحة بخط انسيابي على جدار أبيض، إضاءة باردة | E11: Minimal product photograph of a generic light grey wall split AC unit with sleek lines on a white wall, cool soft studio lighting, 50mm, clean negative space on the left, no visible brand logos, no text, no watermark. | F11: صورة منتج بسيطة لوحدة تكييف جدارية رمادية فاتحة عامة بخطوط انسيابية على جدار أبيض، إضاءة استوديو باردة وناعمة، عدسة 50 ملم، مساحة فارغة على اليسار، بدون شعارات براند وبدون نص. | G11: صورة منتج عامة (يضاف شعار البراند لاحقاً من ملفاته الرسمية)
A12: P10 | B12: facebook | C12: 1:1 | D12: أربع أيقونات مسطحة (صوت، ريحة، قطرات ماء، ترمومتر) على خلفية كحلية | E12: Flat vector icon set showing four warning signs for an AC unit: a sound wave, a smell cloud, a water drop and a low thermometer, on a deep navy background with orange accents, no text, no logos. | F12: مجموعة أيقونات مسطحة تعرض أربع علامات تحذير لوحدة تكييف: موجة صوت، سحابة رائحة، قطرة ماء، ومقياس حرارة منخفض، على خلفية كحلية داكنة مع لمسات برتقالية، بدون نص وبدون شعارات. | G12: بطاقة علامات تحذير
A13: P11 | B13: facebook | C13: 1:1 | D13: ست بطاقات بأيقونات بسيطة للخدمات الست على شبكة منظمة بألوان الهوية | E13: Clean grid layout of six minimal flat icons representing AC, electrical wiring, generator, solar panel, spare parts and consultancy, navy background with orange highlights, no text, no logos. | F13: تخطيط شبكي نظيف لستة أيقونات مسطحة بسيطة تمثل التكييف والتمديدات الكهربائية والمولد والألواح الشمسية وقطع الغيار والاستشارات، خلفية كحلية مع لمسات برتقالية، بدون نص وبدون شعارات. | G13: كولاج خدمات
... A17: P15 | B17: facebook | C17: 1:1 | D17: وحدة تكييف بيضاء في صالة مع نافذة مفتوحة على ضوء الصباح | E17: Bright morning photograph of a generic white wall split AC unit in a living room with an open window and sheer curtains, soft natural light, navy accents, no visible brand logos, no text, no watermark. | F17: صورة صباحية مشرقة لوحدة تكييف جدارية بيضاء عامة في صالة بنافذة مفتوحة وستائر شفافة، ضوء طبيعي ناعم، لمسات كحلية، بدون شعارات براند وبدون نص وبدون علامة مائية. | G17: صورة منتج عامة (يضاف شعار البراند لاحقاً من ملفاته الرسمية)

Sheet اختبار النسخ
A1: اختبار الخطاف (A/B): أدخل النتائج في الخلايا الصفراء
A2: الرقم | B2: المنصة | C2: الخطاف A | D2: الخطاف B | E2: مؤشر المقارنة | F2: نتيجة A | G2: نتيجة B | H2: الفائز
A3: P01 | B3: facebook | C3: يا جماعة، المكيف ما بيبرد بس بالجهاز... التركيب الصح هو الفرق! | D3: — | E3: معدل التفاعل | H3: =IF(OR(F3="",G3=""),"",IF(F3>G3,"A",IF(G3>F3,"B","تعادل")))
A4: P02 | B4: facebook | C4: شنو أكبر مشكلة عندك في المكيف هسه؟ 🤔 | D4: — | E4: معدل التفاعل | H4: =IF(OR(F4="",G4=""),"",IF(F4>G4,"A",IF(G4>F4,"B","تعادل")))
A5: P03 | B5: facebook | C5: من البيت الصغير لحد المحل التجاري... عندنا مكيفات O General. | D5: — | E5: معدل التفاعل | H5: =IF(OR(F5="",G5=""),"",IF(F5>G5,"A",IF(G5>F5,"B","تعادل")))
A6: P04 | B6: facebook | C6: قبل ما تشتري المكيف، اسأل: المساحة كم؟ والعزل كويس ولا لأ؟ | D6: — | E6: معدل التفاعل | H6: =IF(OR(F6="",G6=""),"",IF(F6>G6,"A",IF(G6>F6,"B","تعادل")))
A7: P05 | B7: facebook | C7: فنيينا ما بيشتغلوا بالتخمين... بيشتغلوا بالخبرة. | D7: — | E7: معدل التفاعل | H7: =IF(OR(F7="",G7=""),"",IF(F7>G7,"A",IF(G7>F7,"B","تعادل")))
A8: P06 | B8: facebook | C8: الحر ما بيستنى... ومكيفات Midea عندنا بالتركيب والصيانة. | D8: — | E8: معدل التفاعل | H8: =IF(OR(F8="",G8=""),"",IF(F8>G8,"A",IF(G8>F8,"B","تعادل")))
A9: P07 | B9: facebook | C9: الكويلات المتسخة بتسرق برودة مكيفك وانت ما شايف! | D9: — | E9: معدل التفاعل | H9: =IF(OR(F9="",G9=""),"",IF(F9>G9,"A",IF(G9>F9,"B","تعادل")))
A10: P08 | B10: facebook | C10: وين بتحب تركب المكيف في بيتك؟ 🏠 | D10: — | E10: معدل التفاعل | H10: =IF(OR(F10="",G10=""),"",IF(F10>G10,"A",IF(G10>F10,"B","تعادل")))
A11: P09 | B11: facebook | C11: Samsung بتقنية حديثة... والتركيب الصح يكمل الصورة. | D11: — | E11: معدل التفاعل | H11: =IF(OR(F11="",G11=""),"",IF(F11>G11,"A",IF(G11>F11,"B","تعادل")))
A12: P10 | B12: facebook | C12: المكيف بيديك إشارات قبل ما يقف... انت فاهمها؟ | D12: — | E12: معدل التفاعل | H12: =IF(OR(F12="",G12=""),"",IF(F12>G12,"A",IF(G12>F12,"B","تعادل")))
A13: P11 | B13: facebook | C13: من التكييف للكهرباء والمولدات... كل خدماتنا في مكان واحد. | D13: — | E13: معدل التفاعل | H13: =IF(OR(F13="",G13=""),"",IF(F13>G13,"A",IF(G13>F13,"B","تعادل")))
A14: P12 | B14: facebook | C14: LG بتفكر في راحتك... ونحن نهتم بالتركيب والصيانة. | D14: — | E14: معدل التفاعل | H14: =IF(OR(F14="",G14=""),"",IF(F14>G14,"A",IF(G14>F14,"B","تعادل")))
... A17: P15 | B17: facebook | C17: Gree لبيت بارد في الحر... وإدراك جاهزة تركبه وتصونه. | D17: — | E17: معدل التفاعل | H17: =IF(OR(F17="",G17=""),"",IF(F17>G17,"A",IF(G17>F17,"B","تعادل")))

Sheet المؤثرون
A1: موجز التعاون مع المؤثرين
A3: لا توجد شراكات مؤثرين في هذه الحملة.

Sheet مؤشرات الأداء
A1: مؤشرات الأداء: أدخل القيمة الفعلية بعد النشر
A2: الركيزة | B2: المؤشر | C2: الهدف | D2: القيمة الفعلية | E2: نسبة الإنجاز | F2: ملاحظات
A3: تفاعلي ومجتمعي | B3: التعليقات والرسائل المستلمة | C3: 60 | E3: =IF(OR(C3="",D3=""),"",D3/C3)
A4: ترويجي مباشر | B4: طلبات المعاينة عبر الهاتف والرسائل | C4: 20 | E4: =IF(OR(C4="",D4=""),"",D4/C4)
A5: تعليمي وقيمة | B5: الحفظ والمشاركات | C5: 40 | E5: =IF(OR(C5="",D5=""),"",D5/C5)

Sheet المنصات
A1: مواصفات المنصات المعتمدة في الحملة
A2: المنصة | B2: الحد الأقصى للنص | C2: الحد المُوصى به | D2: أقصى عدد هاشتاقات | E2: الخطاف المرئي (حرف) | F2: الصورة / الفيديو
A3: facebook | B3: 2000 | C3: 500 | D3: 5 | E3: 120 | F3: حسب المنصة

Sheet الأسئلة الشائعة
A1: أسئلة المتابعين المتوقعة وردودها
A2: السؤال | B2: الرد المقترح
A3: هل المعاينة مجانية؟ | B3: [يتطلب تأكيداً من الإدارة قبل النشر]
A4: هل تركبون المكيفات التي اشتريتها من مكان آخر؟ | B4: [يتطلب تأكيداً من الإدارة قبل النشر]
A5: ما هي أسعار المكيفات؟ | B5: الأسعار تحدد بعد المعاينة حسب الموديل والمكان والخدمة المطلوبة. تواصلوا معنا على 0120066904 أو 0120066903.

Sheet الفحص
A1: نتائج فحص الجودة
A2: المعرف | B2: المنصة | C2: المستوى | D2: الرسالة
A3: — | B3: — | C3: ممتاز | D3: لا توجد ملاحظات
